{
  "1": {
    "Damage": 250,
    "Speed": 50,
    "Range": 5,
    "AOE": 1,
    "Abilities": "N/A"
  },
  "2": {
    "Damage": 300,
    "Speed": 57.49999999999999,
    "Range": 5,
    "AOE": 1,
    "Abilities": "N/A"
  },
  "3": {
    "Damage": 360,
    "Speed": 66.12499999999999,
    "Range": 5,
    "AOE": 1,
    "Abilities": "N/A"
  },
  "4": {
    "Damage": 432,
    "Speed": 76.04374999999997,
    "Range": 5,
    "AOE": 1,
    "Abilities": "N/A"
  },
  "5": {
    "Damage": 518.4,
    "Speed": 87.45031249999997,
    "Range": 5,
    "AOE": 1,
    "Abilities": "N/A"
  },
  "6": {
    "Damage": 622.0799999999999,
    "Speed": 100.56785937499995,
    "Range": 5,
    "AOE": 1,
    "Abilities": "N/A"
  },
  "7": {
    "Damage": 746.4959999999999,
    "Speed": 115.65303828124993,
    "Range": 5,
    "AOE": 1,
    "Abilities": "N/A"
  },
  "8": {
    "Damage": 895.7951999999998,
    "Speed": 133.0009940234374,
    "Range": 5,
    "AOE": 1,
    "Abilities": "N/A"
  },
  "9": {
    "Damage": 1074.9542399999998,
    "Speed": 152.951143126953,
    "Range": 5,
    "AOE": 1,
    "Abilities": "N/A"
  },
  "10": {
    "Damage": 1289.9450879999997,
    "Speed": 175.89381459599596,
    "Range": 5,
    "AOE": 1,
    "Abilities": "N/A"
  }
}