{
  "1": {
    "Level": 1,
    "MinDamage": 10,
    "MaxDamage": 50,
    "Speed": 50,
    "Range": 5,
    "AOE": 1,
    "Primary Type": "Magical",
    "Subtype": "Fire",
    "Abilities": "N/A"
  },
  "2": {
    "Level": 2,
    "MinDamage": 12,
    "MaxDamage": 60,
    "Speed": 57.49999999999999,
    "Range": 5,
    "AOE": 1,
    "Primary Type": "Magical",
    "Subtype": "Fire",
    "Abilities": "N/A"
  },
  "3": {
    "Level": 3,
    "MinDamage": 14.399999999999999,
    "MaxDamage": 72,
    "Speed": 66.12499999999999,
    "Range": 5,
    "AOE": 1,
    "Primary Type": "Magical",
    "Subtype": "Fire",
    "Abilities": "N/A"
  },
  "4": {
    "Level": 4,
    "MinDamage": 17.279999999999998,
    "MaxDamage": 86.39999999999999,
    "Speed": 76.04374999999997,
    "Range": 5,
    "AOE": 1,
    "Primary Type": "Magical",
    "Subtype": "Fire",
    "Abilities": "N/A"
  },
  "5": {
    "Level": 5,
    "MinDamage": 20.735999999999997,
    "MaxDamage": 103.67999999999999,
    "Speed": 87.45031249999997,
    "Range": 5,
    "AOE": 1,
    "Primary Type": "Magical",
    "Subtype": "Fire",
    "Abilities": "N/A"
  },
  "6": {
    "Level": 6,
    "MinDamage": 24.883199999999995,
    "MaxDamage": 124.41599999999998,
    "Speed": 100.56785937499995,
    "Range": 5,
    "AOE": 1,
    "Primary Type": "Magical",
    "Subtype": "Fire",
    "Abilities": "N/A"
  },
  "7": {
    "Level": 7,
    "MinDamage": 29.85983999999999,
    "MaxDamage": 149.29919999999998,
    "Speed": 115.65303828124993,
    "Range": 5,
    "AOE": 1,
    "Primary Type": "Magical",
    "Subtype": "Fire",
    "Abilities": "N/A"
  },
  "8": {
    "Level": 8,
    "MinDamage": 35.83180799999999,
    "MaxDamage": 179.15903999999998,
    "Speed": 133.0009940234374,
    "Range": 5,
    "AOE": 1,
    "Primary Type": "Magical",
    "Subtype": "Fire",
    "Abilities": "N/A"
  },
  "9": {
    "Level": 9,
    "MinDamage": 42.99816959999998,
    "MaxDamage": 214.99084799999997,
    "Speed": 152.951143126953,
    "Range": 5,
    "AOE": 1,
    "Primary Type": "Magical",
    "Subtype": "Fire",
    "Abilities": "N/A"
  },
  "10": {
    "Level": 10,
    "MinDamage": 51.59780351999998,
    "MaxDamage": 257.98901759999995,
    "Speed": 175.89381459599596,
    "Range": 5,
    "AOE": 1,
    "Primary Type": "Magical",
    "Subtype": "Fire",
    "Abilities": "N/A"
  },
  "11": {
    "Level": 1,
    "MinDamage": 5,
    "MaxDamage": 10,
    "Speed": 50,
    "Range": 5,
    "AOE": 1,
    "Primary Type": "Magical",
    "Subtype": "Force",
    "Abilities": "N/A"
  },
  "12": {
    "Level": 2,
    "MinDamage": 6,
    "MaxDamage": 12,
    "Speed": 57.49999999999999,
    "Range": 5,
    "AOE": 1,
    "Primary Type": "Magical",
    "Subtype": "Force",
    "Abilities": "N/A"
  },
  "13": {
    "Level": 3,
    "MinDamage": 7.199999999999999,
    "MaxDamage": 14.399999999999999,
    "Speed": 66.12499999999999,
    "Range": 5,
    "AOE": 1,
    "Primary Type": "Magical",
    "Subtype": "Force",
    "Abilities": "N/A"
  },
  "14": {
    "Level": 4,
    "MinDamage": 8.639999999999999,
    "MaxDamage": 17.279999999999998,
    "Speed": 76.04374999999997,
    "Range": 5,
    "AOE": 1,
    "Primary Type": "Magical",
    "Subtype": "Force",
    "Abilities": "N/A"
  },
  "15": {
    "Level": 5,
    "MinDamage": 10.367999999999999,
    "MaxDamage": 20.735999999999997,
    "Speed": 87.45031249999997,
    "Range": 5,
    "AOE": 1,
    "Primary Type": "Magical",
    "Subtype": "Force",
    "Abilities": "N/A"
  },
  "16": {
    "Level": 6,
    "MinDamage": 12.441599999999998,
    "MaxDamage": 24.883199999999995,
    "Speed": 100.56785937499995,
    "Range": 5,
    "AOE": 1,
    "Primary Type": "Magical",
    "Subtype": "Force",
    "Abilities": "N/A"
  },
  "17": {
    "Level": 7,
    "MinDamage": 14.929919999999996,
    "MaxDamage": 29.85983999999999,
    "Speed": 115.65303828124993,
    "Range": 5,
    "AOE": 1,
    "Primary Type": "Magical",
    "Subtype": "Force",
    "Abilities": "N/A"
  },
  "18": {
    "Level": 8,
    "MinDamage": 17.915903999999994,
    "MaxDamage": 35.83180799999999,
    "Speed": 133.0009940234374,
    "Range": 5,
    "AOE": 1,
    "Primary Type": "Magical",
    "Subtype": "Force",
    "Abilities": "N/A"
  },
  "19": {
    "Level": 9,
    "MinDamage": 21.49908479999999,
    "MaxDamage": 42.99816959999998,
    "Speed": 152.951143126953,
    "Range": 5,
    "AOE": 1,
    "Primary Type": "Magical",
    "Subtype": "Force",
    "Abilities": "N/A"
  },
  "20": {
    "Level": 10,
    "MinDamage": 25.79890175999999,
    "MaxDamage": 51.59780351999998,
    "Speed": 175.89381459599596,
    "Range": 5,
    "AOE": 1,
    "Primary Type": "Magical",
    "Subtype": "Force",
    "Abilities": "N/A"
  }
}