{
  "1": {
    "Level": 1,
    "MinDamage": 15,
    "MaxDamage": 20,
    "Speed": 100,
    "Range": 10,
    "AOE": 0,
    "Primary Type": "Physical",
    "Subtype": "Piercing",
    "Abilities": "N/A"
  },
  "2": {
    "Level": 2,
    "MinDamage": 18,
    "MaxDamage": 24,
    "Speed": 114.99999999999999,
    "Range": 10,
    "AOE": 0,
    "Primary Type": "Physical",
    "Subtype": "Piercing",
    "Abilities": "N/A"
  },
  "3": {
    "Level": 3,
    "MinDamage": 21.599999999999998,
    "MaxDamage": 28.799999999999997,
    "Speed": 132.24999999999997,
    "Range": 10,
    "AOE": 0,
    "Primary Type": "Physical",
    "Subtype": "Piercing",
    "Abilities": "N/A"
  },
  "4": {
    "Level": 4,
    "MinDamage": 25.919999999999998,
    "MaxDamage": 34.559999999999995,
    "Speed": 152.08749999999995,
    "Range": 10,
    "AOE": 0,
    "Primary Type": "Physical",
    "Subtype": "Piercing",
    "Abilities": "N/A"
  },
  "5": {
    "Level": 5,
    "MinDamage": 31.103999999999996,
    "MaxDamage": 41.471999999999994,
    "Speed": 174.90062499999993,
    "Range": 10,
    "AOE": 0,
    "Primary Type": "Physical",
    "Subtype": "Piercing",
    "Abilities": "N/A"
  },
  "6": {
    "Level": 6,
    "MinDamage": 37.324799999999996,
    "MaxDamage": 49.76639999999999,
    "Speed": 201.1357187499999,
    "Range": 10,
    "AOE": 0,
    "Primary Type": "Physical",
    "Subtype": "Piercing",
    "Abilities": "N/A"
  },
  "7": {
    "Level": 7,
    "MinDamage": 44.789759999999994,
    "MaxDamage": 59.71967999999998,
    "Speed": 231.30607656249987,
    "Range": 10,
    "AOE": 0,
    "Primary Type": "Physical",
    "Subtype": "Piercing",
    "Abilities": "N/A"
  },
  "8": {
    "Level": 8,
    "MinDamage": 53.74771199999999,
    "MaxDamage": 71.66361599999998,
    "Speed": 266.0019880468748,
    "Range": 10,
    "AOE": 0,
    "Primary Type": "Physical",
    "Subtype": "Piercing",
    "Abilities": "N/A"
  },
  "9": {
    "Level": 9,
    "MinDamage": 64.49725439999999,
    "MaxDamage": 85.99633919999997,
    "Speed": 305.902286253906,
    "Range": 10,
    "AOE": 0,
    "Primary Type": "Physical",
    "Subtype": "Piercing",
    "Abilities": "N/A"
  },
  "10": {
    "Level": 10,
    "MinDamage": 77.39670527999998,
    "MaxDamage": 103.19560703999996,
    "Speed": 351.7876291919919,
    "Range": 10,
    "AOE": 0,
    "Primary Type": "Physical",
    "Subtype": "Piercing",
    "Abilities": "N/A"
  }
}